Month;#Commits
2014-11;1
2014-12;0
2015-01;4
2015-02;59
2015-03;44
2015-04;27
2015-05;8
2015-06;2
2015-07;0
2015-08;8
2015-09;0
2015-10;43
2015-11;53
2015-12;15
2016-01;27
2016-02;4
2016-03;11
2016-04;31
2016-05;46
2016-06;127
2016-07;5
2016-08;37
2016-09;133
2016-10;238
2016-11;38
2016-12;339
2017-01;221
2017-02;117
2017-03;105
2017-04;77
2017-05;146
2017-06;79
2017-07;110
2017-08;102
2017-09;58
2017-10;40
2017-11;12
2017-12;25
2018-01;196
2018-02;55
2018-03;100
2018-04;12
2018-05;37
2018-06;19
2018-07;13
2018-08;71
2018-09;8
2018-10;7
2018-11;1
2018-12;14
2019-01;21
2019-02;4
2019-03;41
2019-04;50
2019-05;5
2019-06;27
2019-07;17
2019-08;1
2019-09;7
2019-10;18
2019-11;28
2019-12;16
2020-01;0
2020-02;0
2020-03;66
2020-04;183
2020-05;6
2020-06;14
2020-07;3
2020-08;14
2020-09;18
2020-10;23
2020-11;24
2020-12;328
2021-01;243
2021-02;152
2021-03;65
2021-04;40
2021-05;39
2021-06;46
2021-07;24
2021-08;108
2021-09;81
2021-10;21
2021-11;20
2021-12;9
2022-01;33
2022-02;21
2022-03;42
2022-04;4
2022-05;27
2022-06;15
2022-07;58
2022-08;38
2022-09;68
2022-10;43
2022-11;2
2022-12;4
2023-01;23
2023-02;9
2023-03;5
2023-04;0
2023-05;10
2023-06;1
2023-07;4
2023-08;1
2023-09;0
2023-10;8
2023-11;24
2023-12;7
2024-01;0
2024-02;16
2024-03;2
2024-04;5
2024-05;33
2024-06;4
2024-07;3
2024-08;4
2024-09;20
2024-10;2
2024-11;0
2024-12;0
2025-01;5
2025-02;17
2025-03;0
2025-04;4
2025-05;18
2025-06;0
2025-07;29
2025-08;1
2025-09;5
2025-10;58
